category,count
Restaurant,11565
Auto repair shop,8799
Beauty salon,7929
Hair salon,5578
Nail salon,5467
Convenience store,4925
Gas station,4801
Park,4075
Clothing store,4033
Barber shop,3901
Dentist,3876
ATM,3727
Church,3715
Tourist attraction,3425
Mexican restaurant,3409
Cell phone store,3373
Grocery store,3346
Fast food restaurant,3056
Tire shop,2971
Cafe,2954
Massage therapist,2935
Doctor,2920
Non-profit organization,2885
Coffee shop,2838
Corporate office,2799
Insurance agency,2747
Sandwich shop,2700
Gift shop,2554
Women's clothing store,2532
Brake shop,2530
Auto body shop,2508
Liquor store,2483
Gym,2447
Caterer,2433
Shoe store,2397
Bank,2388
Takeout Restaurant,2384
Electronics store,2311
Oil change service,2267
Bar,2196
Apartment building,2195
Pizza restaurant,2192
Auto parts store,2183
Tobacco shop,2131
Apartment complex,2102
Car repair and maintenance,2090
Auto insurance agency,2076
Business center,2060
Real estate agency,2025
Bakery,2007
Furniture store,1957
Beauty supply store,1953
Fashion accessories store,1920
Self-storage facility,1904
Smog inspection station,1876
Store,1861
Shipping and mailing service,1838
Cosmetic dentist,1830
Cosmetics store,1786
Jewelry store,1723
Medical clinic,1720
Pharmacy,1687
Used car dealer,1683
Attorney,1651
Laundromat,1635
Ice cream shop,1589
Home insurance agency,1589
American restaurant,1575
Waxing hair removal service,1559
Pet groomer,1549
Chinese restaurant,1535
Men's clothing store,1534
Car wash,1426
Renter's insurance agency,1422
Chiropractor,1421
Life insurance agency,1397
Shopping mall,1388
Bus stop,1380
Dental clinic,1373
Dessert shop,1370
Drug store,1365
Telephone company,1348
Event venue,1327
Home goods store,1307
Breakfast restaurant,1305
Veterinarian,1278
Mechanic,1274
Print shop,1273
Optometrist,1273
Transmission shop,1269
Property management company,1250
Telecommunications service provider,1249
Dry cleaner,1246
Electronic parts supplier,1233
Mobile home park,1212
Winery,1208
Packaging supply store,1202
Physical fitness program,1194
Manufacturer,1175
Logistics service,1164
Florist,1163
Spa,1155
School,1139
Money order service,1137
Auto tune up service,1127
Parking lot,1124
Art gallery,1123
Tax preparation service,1122
Car dealer,1118
Facial spa,1098
Hiking area,1078
Fitness center,1063
Moving supply store,1059
Asian restaurant,1053
Orthodontist,1042
Storage facility,1032
Plumber,1031
Notary public,1029
Personal trainer,1025
Italian restaurant,1019
Dental implants periodontist,1015
Deli,993
Motorcycle insurance agency,987
Religious organization,986
Juice shop,979
Massage spa,958
Campground,954
Truck rental agency,949
Wheel alignment service,949
Trucking company,948
Real estate agents,948
Law firm,946
Social services organization,941
Warehouse,939
Hardware store,939
Moving and storage service,935
Towing service,931
Japanese restaurant,914
Home builder,914
Construction company,909
Animal hospital,905
Apartment rental agency,891
Software company,884
Pediatric dentist,883
Jeweler,882
Association or organization,878
Day spa,867
Sporting goods store,863
Computer repair service,863
Toy store,862
Pizza delivery,859
Transportation service,858
Thrift store,857
Mortgage lender,852
Eye care center,848
Sunglasses store,844
Donut shop,834
Hamburger restaurant,831
Seafood restaurant,826
Legal services,820
Auto electrical service,811
Children's clothing store,810
Delivery Restaurant,810
General contractor,808
Tattoo shop,808
Loan agency,805
Boutique,801
Historical landmark,800
Van rental agency,800
Car battery store,797
Skin care clinic,792
Office supply store,792
Sushi restaurant,791
Emergency dental service,790
Auto glass shop,787
RV storage facility,785
Greeting card shop,783
Post office,779
Freight forwarding service,771
Money transfer service,768
Window tinting service,765
Teeth whitening service,759
Baptist church,752
Diesel fuel supplier,747
Air conditioning contractor,741
Contractor,740
Mailbox rental service,729
Mattress store,722
Shipping service,722
Vaporizer store,720
Boat storage facility,719
Wine store,719
Truck repair shop,715
Garden center,712
Recycling center,711
Hairdresser,709
Family practice physician,708
Financial consultant,706
Sign shop,702
Air conditioning repair service,699
Elementary school,695
Paint store,695
Pizza Takeout,692
Vitamin & supplements store,689
HVAC contractor,688
Personal injury attorney,687
Car rental agency,686
Farm,683
Community center,681
Financial planner,681
Flooring store,677
Car detailing service,673
Discount store,664
Truck accessories store,661
Electric vehicle charging station,659
Christian church,658
Optician,657
Yoga studio,657
Wine bar,657
Supermarket,641
Distribution service,638
Trailer rental service,637
Automobile storage facility,632
Sportswear store,626
Professional services,626
Medical Center,625
Hair removal service,621
Tax consultant,620
Catholic church,619
Plant nursery,616
Urgent care center,614
Locksmith,611
Wellness center,609
Wholesaler,605
Home improvement store,604
Mailing service,603
Auto dent removal service,602
Pet supply store,601
Perfume store,599
Oral surgeon,597
Coffee store,597
Insurance company,595
Car stereo store,594
Gas company,593
Espresso bar,592
Bicycle Shop,588
Vietnamese restaurant,587
Bar & grill,585
Frozen yogurt shop,584
Cell phone accessory store,583
Jewelry repair service,580
Taco restaurant,579
Financial institution,579
Fuel pump,575
Shredding service,574
Electrician,571
Museum,569
Health food restaurant,566
Condominium complex,564
Appliance store,561
Party store,561
Bedroom furniture store,559
Heating contractor,559
Health food store,558
Martial arts school,555
Tea house,555
Credit union,546
Passport photo processor,545
Thai restaurant,545
Sports massage therapist,535
Business to business service,534
Wedding venue,532
Tax preparation,531
Bubble tea store,530
Graphic designer,527
Tailor,526
Cannabis store,522
Public library,519
Book store,518
Photographer,518
Weight loss service,515
Trailer supply store,513
Hotel,512
Antique store,512
Auto radiator repair service,511
Commercial printer,509
Mover,508
Chicken wings restaurant,506
Physical therapy clinic,500
Clothing alteration service,499
Kitchen remodeler,499
Watch store,496
Medical spa,494
Equipment rental agency,490
Pest control service,487
Employment agency,485
Physical therapist,483
Cake shop,481
Mediterranean restaurant,480
Cocktail bar,479
Family restaurant,478
Parking garage,478
Recreation center,477
Landscaping supply store,474
Chauffeur service,472
Auto restoration service,471
Vegetarian restaurant,471
Mobile phone repair shop,470
Muffler shop,466
Window installation service,466
Watch repair service,460
Real estate consultant,459
Cigar shop,458
Contact lenses supplier,456
Building materials store,454
Computer store,453
Electronics repair shop,452
Latin American restaurant,451
Diagnostic center,450
Interior designer,450
Carpet cleaning service,443
Key duplication service,443
Stationery store,441
Medical laboratory,439
Bathroom remodeler,436
Internet service provider,436
Tool store,434
Lounge,430
General store,428
Acupuncture clinic,425
Indian restaurant,425
Internist,425
Beer store,423
Jewelry designer,422
Travel agency,421
Roofing contractor,421
Butcher shop,420
DVD store,419
Pet boarding service,417
Wheel store,415
Used truck dealer,413
Make-up artist,412
Banquet hall,411
Lighting store,411
Vegan restaurant,409
Endodontist,409
Barbecue restaurant,408
Salad shop,408
Building materials supplier,408
Movie rental store,408
Pediatrician,407
Motorcycle repair shop,406
Asian fusion restaurant,405
Bottled water supplier,405
Insurance broker,403
Dental hygienist,403
Event planner,403
Preschool,401
Candy store,400
Ranch,400
Lingerie store,400
Repair service,399
Party equipment rental service,398
High school,398
Bicycle repair shop,397
Business management consultant,396
Landscaper,395
Chicken restaurant,394
Auto wrecker,392
Plumbing supply store,389
Kitchen supply store,388
Computer consultant,386
Marketing agency,385
Brewery,384
Movie rental kiosk,382
Craft store,382
Engine rebuilding service,380
Motorcycle parts store,377
Family law attorney,376
Performing arts theater,373
Tanning salon,372
Appliance repair service,366
Consultant,366
Tile store,366
Auto air conditioning service,364
Pet store,362
Criminal justice attorney,360
Painter,360
Accountant,360
Video production service,359
Photo lab,358
Sports bar,358
Flooring contractor,358
Glass & mirror shop,358
Produce market,358
Website designer,357
Outdoor furniture store,356
Church of Jesus Christ of Latter-day Saints,354
Door supplier,353
Fraternal organization,352
Painting,352
Bedding store,348
Coworking space,348
Photo shop,347
Lunch restaurant,346
Department store,345
Laundry,345
Dessert restaurant,345
County government office,343
Computer support and services,343
Auto body parts supplier,343
Laundry service,342
Recording studio,341
Propane supplier,340
Collectibles store,338
Car accessories store,338
Check cashing service,338
Night club,338
Carpet store,337
Market,337
Picture frame shop,336
Alternative medicine practitioner,335
Dog day care center,335
Gift basket store,335
Estate planning attorney,334
Dermatologist,332
City government office,330
Real estate developer,330
Shipping company,329
Orthopedic surgeon,327
Window supplier,326
Marketing consultant,325
Public bathroom,325
Nutritionist,324
Diesel engine repair service,324
Commercial real estate agency,322
Korean restaurant,321
School supply store,320
Office space rental agency,320
Lawn mower store,319
Reflexologist,319
Bridal shop,317
Delivery service,317
T-shirt store,317
Dance school,315
Used tire shop,315
Wedding service,314
Tool rental service,312
Swimming pool supply store,312
Screen printer,310
Food products supplier,310
Leather goods store,309
Periodontist,309
Chocolate shop,308
Baby clothing store,307
Day care center,307
Medical supply store,307
Retirement community,306
Upholstery shop,306
Copy shop,304
Assisted living facility,304
Department of motor vehicles,304
Senior citizen center,304
Fire station,304
Drug testing service,303
Denture care center,303
Internet cafe,303
Holistic medicine practitioner,301
Computer service,300
Outlet store,300
RV repair shop,300
Glass repair service,300
Trial attorney,299
Internet marketing service,298
Portrait studio,298
Electrical supply store,297
Banner store,297
Lodging,296
Phone repair service,296
Live music venue,294
Variety store,293
Shoe repair shop,293
Concrete contractor,292
Snack bar,291
Rehabilitation center,290
Jehovah's Witness Kingdom Hall,288
Ophthalmologist,288
Fax service,288
Surgeon,287
Advertising agency,286
Investment service,286
Jeans shop,286
Car inspection station,286
Real estate,285
Dog trainer,285
Security system installer,284
Playground,284
Brunch restaurant,283
Truck dealer,282
Swimwear store,281
Fabric store,280
Musical instrument store,279
Tree service,279
Architect,279
Industrial equipment supplier,277
Swimming pool repair service,276
Dollar store,276
Camp,276
Landscape designer,276
Consignment shop,275
Lumber store,275
Digital printer,275
Pain management physician,275
Promotional products supplier,274
Thai massage therapist,274
Engineering consultant,273
Mental health service,272
Vineyard,270
Surf shop,270
Vacation home rental agency,270
Divorce lawyer,269
Furnace repair service,268
Real estate rental agency,268
Employment attorney,267
Medical group,267
Security guard service,267
Window treatment store,266
Housing development,264
Data recovery service,263
Nursing home,263
Health and beauty shop,263
Water damage restoration service,263
Gun shop,262
Construction equipment supplier,259
Video game store,259
Temp agency,258
Hospital,257
Garden,257
Kennel,256
Permanent make-up clinic,255
Jewelry buyer,255
Boot store,254
Fingerprinting service,254
Hearing aid store,253
Custom t-shirt store,250
Emergency locksmith service,249
Sports complex,248
Office furniture store,248
Flower delivery,247
Immigration attorney,247
Sports medicine clinic,247
Lutheran church,247
Fashion designer,246
Obstetrician-gynecologist,246
Tile contractor,245
Middle school,242
Emergency veterinarian service,242
Pawn shop,242
Screen repair service,241
Training centre,241
Bicycle rental service,241
Flower designer,240
E-commerce service,240
Auto machine shop,239
Waste management service,239
Agricultural service,238
RV park,238
Dress store,237
Presbyterian church,237
Farmers' market,236
Business park,233
Handyman,233
Uniform store,232
Laboratory,232
Music store,232
Recruiter,231
Pet sitter,230
Embroidery shop,228
Baby store,228
Addiction treatment center,227
Radio broadcaster,227
Vintage clothing store,227
Veterans organization,224
Costume store,224
University,224
Welder,224
Non-denominational church,223
Government office,223
Alternative fuel station,223
Produce wholesaler,221
Records storage facility,221
Mortgage broker,220
Public educational institution,220
Security service,220
Podiatrist,219
Party planner,219
Wedding photographer,219
Learning center,218
Place of worship,218
College,217
Boat repair shop,214
Plastic surgeon,214
Body piercing shop,213
Cabinet maker,213
Wellness program,213
Cabinet store,212
Barber supply store,212
Donations center,212
Hawaiian restaurant,212
Diner,212
Security system supplier,212
Upholstery cleaning service,211
Bus station,211
Hobby store,211
Diamond dealer,210
Skateboard shop,210
Auto upholsterer,209
Poster store,209
Artist,209
Salvadoran restaurant,209
Swimming pool,208
Home health care service,208
Club,207
Library,207
Auditorium,207
Car finance and loan company,207
Game store,207
Ready mix concrete supplier,207
Wood floor installation service,206
Safety equipment supplier,206
Candle store,206
Seventh-day Adventist church,206
Medical diagnostic imaging center,206
Funeral home,206
Pilates studio,205
Cemetery,204
Herb shop,203
Housing complex,203
Pipe supplier,202
Small engine repair service,202
Passport office,201
Swimming pool contractor,201
Garbage collection service,201
Health consultant,201
Catering food and drink supplier,201
Private educational institution,200
Bathroom supply store,199
Conference center,199
Fence contractor,198
Heating equipment supplier,197
Fence supply store,196
After school program,196
Dental implants provider,195
Outdoor sports store,194
Trailer repair shop,194
General practitioner,194
Hair extension technician,193
Walk-in clinic,193
Art center,193
Animal feed store,192
Air duct cleaning service,192
Mexican grocery store,191
Steak house,191
Self defense school,190
Car alarm supplier,190
Women's health clinic,189
Photography studio,189
Bankruptcy attorney,189
Burrito restaurant,188
Wedding store,188
Solar energy company,187
Motorcycle shop,187
Motorcycle dealer,187
Tuxedo shop,187
Countertop store,187
Nature preserve,187
Metal fabricator,187
Tour operator,187
Roofing supply store,187
Bookkeeping service,187
Police department,185
Music school,185
Shower door shop,184
Hat shop,184
Real estate attorney,183
Wedding planner,183
Gold dealer,181
Skateboard park,179
Engineer,179
Embroidery service,179
Health insurance agency,178
Welding supply store,178
Farm equipment supplier,177
Motel,177
Musical instrument repair shop,177
Irrigation equipment supplier,177
Horse boarding stable,177
Paint manufacturer,176
Skate shop,176
Audiologist,175
Used auto parts store,175
Self service car wash,174
Youth organization,174
New American restaurant,174
House cleaning service,173
Glass shop,173
Mental health clinic,172
Hydroponics equipment supplier,172
Southeast Asian restaurant,172
Baseball field,171
Dental laboratory,171
Rug store,170
Used clothing store,170
Auto broker,170
Public swimming pool,169
Cleaners,169
Charity,169
Tennis court,168
Dairy farm,168
Gymnastics center,168
Golf course,168
Natural goods store,167
Bagel shop,167
Gourmet grocery store,167
Bail bonds service,167
Laser hair removal service,166
Tutoring service,166
Employment center,166
Solar energy equipment supplier,166
Soft drinks shop,165
Janitorial service,165
State government office,165
Wallpaper store,164
Ramen restaurant,163
Hearing aid repair service,163
Medical office,163
Aerospace company,161
Bistro,161
Commercial cleaning service,160
Dental radiology,160
United Methodist church,159
Food court,159
Blood testing service,158
Novelty store,158
Children's furniture store,158
Middle Eastern restaurant,158
Paintings store,157
Limousine service,157
Beauty product supplier,157
Jewelry appraiser,157
Corporate campus,157
Episcopal church,157
Refrigerator repair service,157
Fire damage restoration service,156
Boxing gym,156
Art supply store,155
Racing car parts store,155
Cleaning service,155
Education center,155
Takeout restaurant,155
Machine shop,154
Hookah bar,154
Indoor lodging,154
Art studio,154
Computer security service,154
Emergency room,154
Carpet installer,153
Movie theater,153
Tour agency,152
Church of Christ,152
Arts organization,152
Aromatherapy service,151
Marina,151
Scenic spot,150
Filipino restaurant,149
Adult education school,149
Lawn mower repair service,148
Record store,148
Wig shop,148
Kindergarten,148
Organic restaurant,147
Topsoil supplier,147
Gluten-free restaurant,147
Exporter,147
Surgical center,146
Dance company,146
Lake,146
Sports medicine physician,146
Media company,145
Cold storage facility,145
Cardiologist,145
Mosque,144
Pastry shop,144
Health spa,144
Coin dealer,144
Methodist church,144
Sod supplier,144
Summer camp,143
Eyebrow bar,143
Car leasing service,142
Pub,142
Title company,142
Bridge,142
Photography service,141
Window cleaning service,141
Television repair service,141
Truck parts supplier,140
School district office,140
Boat rental service,140
Furniture rental service,139
Washer & dryer repair service,139
French restaurant,139
Paving contractor,139
RV dealer,139
Counselor,139
Dog park,139
Apartments,138
Fertilizer supplier,138
Music instructor,138
Driving school,138
Fine dining restaurant,138
Garage door supplier,138
Acupuncturist,138
Psychologist,137
Californian restaurant,137
Plus size clothing store,136
Airport shuttle service,136
Psychiatrist,136
Pottery store,136
Truck stop,135
Pain control clinic,134
Hot tub store,134
Light rail station,134
Kiosk,134
Event management company,133
Picnic ground,133
Tattoo and piercing shop,133
Animal rescue service,133
Buddhist temple,132
Restaurant supply store,132
Civil law attorney,132
Halal restaurant,132
General practice attorney,131
Cremation service,131
Cable company,131
Federal credit union,131
Wedding bakery,131
Digital printing service,130
Remodeler,130
Food bank,130
Retaining wall supplier,130
Alcoholism treatment program,129
Solar energy contractor,129
Psychotherapist,129
Audio visual equipment rental service,129
Meditation center,129
Environmental consultant,129
Garden furniture shop,129
Stable,128
Amusement center,128
Cookie shop,128
Drainage service,127
Food manufacturer,127
Soccer field,127
Homeowners' association,127
Insulation contractor,127
Art school,126
Engraver,126
Fishing store,126
Meat wholesaler,126
Lottery retailer,126
Dry wall supply store,126
City park,125
Water purification company,125
Lawn equipment rental service,125
Ear piercing service,125
Trophy shop,125
Marble supplier,124
Virtual office rental,124
Video arcade,124
Business development service,124
Furnished apartment building,124
Fruit and vegetable store,124
Fireplace store,124
Student housing center,124
Work clothes store,123
Vacuum cleaner store,123
Asian grocery store,123
Auto spring shop,123
City Hall,123
Park & ride,123
Bottle & can redemption center,122
Stadium,122
Karate school,122
Chimney sweep,122
Beach,122
Pentecostal church,121
Vehicle inspection,121
Goldsmith,121
Retirement home,121
Airline,121
Eyelash salon,121
Sand & gravel supplier,121
Lasik surgeon,121
Granite supplier,121
Children's party service,121
Airport,121
Certified public accountant,120
Sewing shop,119
Tea store,118
Custom home builder,118
Taxi service,118
Water softening equipment supplier,118
Garage builder,118
Wine club,118
Swim club,118
Religious goods store,118
Hot dog restaurant,118
Educational institution,117
Pasta shop,117
Construction,117
Lodge,117
Gastroenterologist,117
Luggage store,117
Discount supermarket,117
Townhouse complex,116
Audio visual equipment supplier,116
Grocery delivery service,116
Jewelry engraver,115
Comic book store,115
Adult entertainment store,114
Grill store,114
Custom label printer,114
Buffet restaurant,114
Tourist information center,114
Newspaper publisher,113
Auction house,113
Foot massage parlor,113
Golf club,113
Child care agency,113
Used book store,113
Trailer dealer,112
Marine supply store,112
Paternity testing service,112
Occupational health service,112
Boat dealer,111
Molding supplier,111
Kitchen furniture store,111
Bed shop,111
Courier service,111
Wholesale bakery,110
Antique furniture store,110
Greek restaurant,110
Pretzel store,110
Snowboard shop,110
Water utility company,109
Wholesale plant nursery,109
Wood and laminate flooring supplier,109
Second hand store,108
Sightseeing tour agency,108
Pet trainer,108
Otolaryngologist,108
Spa and health club,108
Bus charter,108
Souvenir store,108
Material handling equipment supplier,107
Stone supplier,106
Television station,106
Sofa store,106
Pool hall,106
Home inspector,106
Office equipment supplier,105
Entertainment agency,105
Trade school,105
Visitor center,105
Septic system service,105
Silversmith,104
Excavating contractor,103
Beverage distributor,103
Labor union,103
Lawn care service,103
Screen printing shop,103
Kickboxing school,103
Calvary Chapel church,103
Family counselor,103
Horse trainer,103
Masonry supply store,102
Sheet metal contractor,102
Performing arts group,102
Powder coating service,102
Federal government office,102
Sheriff's department,102
Audio visual consultant,101
Tex-Mex restaurant,101
Motorsports store,101
Metaphysical supply store,101
Home theater store,101
Dry wall contractor,101
Air conditioning system supplier,101
Foundation,101
Musical instrument rental service,101
Garbage dump,100
Christmas tree farm,100
Beauty school,100
Escape room center,99
Plaza,99
Wholesale grocer,99
Paralegal services provider,99
Pool cleaning service,99
Film production company,99
Auto painting,99
Sports club,99
Charter school,99
Volunteer organization,99
Boot camp,99
Homeless shelter,98
Emergency care service,98
Tool repair shop,98
Tennis club,98
Transit station,98
Animal shelter,98
Stylist,97
Motor vehicle dealer,97
Dog breeder,97
Used furniture store,97
Wedding chapel,97
Resort hotel,97
Masonry contractor,97
Importer,96
Sculpture,96
Hookah store,96
Janitorial equipment supplier,95
Radiator repair service,95
Sewing machine repair service,95
Hair extensions supplier,95
Western apparel store,95
Forklift rental service,95
Formal wear store,95
Construction machine rental service,95
Entertainer,95
Executive suite rental agency,94
Divorce service,94
Reiki therapist,94
Jujitsu school,94
Escrow service,94
Bed & breakfast,94
Pressure washing service,94
Tractor dealer,94
Movie studio,94
Design agency,94
Gutter cleaning service,93
Landscape lighting designer,93
Millwork shop,93
Occupational therapist,93
Indian grocery store,93
Civil engineer,93
Assemblies of God church,93
Art,93
Community health centre,93
STD testing service,93
Appliance parts supplier,93
Garbage dump service,93
Payroll service,93
Web hosting company,92
Cajun restaurant,92
Psychic,92
Orthopedic clinic,91
Biotechnology company,91
Entertainment,91
Historical place,91
Rustic furniture store,91
Packaging company,91
Human resource consulting,90
Brewpub,90
Horseback riding service,90
RV supply store,90
Radiator shop,90
Coffee roasters,90
Taiwanese restaurant,90
Pet adoption service,90
Equestrian facility,90
Tropical fish store,90
X-ray lab,90
Vacuum cleaner repair shop,89
Electric utility company,89
Train station,89
Radiologist,89
Diamond buyer,89
Paper distributor,89
Soup restaurant,89
Veterinary care,89
Cheese shop,88
Community college,88
Marriage or relationship counselor,88
Rice restaurant,88
Neurologist,88
Landscape architect,88
Memorial park,88
Ravine,88
Lawn irrigation equipment supplier,87
Plastic surgery clinic,87
Junkyard,87
Amusement park ride,87
Adult day care center,87
Insulation materials store,87
Piano moving service,87
Boat ramp,87
Athletic field,87
Floor refinishing service,87
Meat products,87
Elder law attorney,86
Flower market,86
Furniture accessories,86
Home audio store,86
Drinking water fountain,86
Retreat center,86
Publisher,85
Tattoo removal service,85
Indoor playground,85
Woodworker,85
Gastropub,85
Shooting range,85
Building restoration service,85
Speech pathologist,85
Evangelical church,85
Furniture maker,85
Seafood market,85
Cafeteria,85
Auto tag agency,85
Hair care,85
Private investigator,84
Kosher restaurant,84
Seed supplier,84
Sports equipment rental service,84
Educational consultant,84
Linens store,84
Pregnancy care center,84
Condominium rental agency,83
Exercise equipment store,83
Registration office,83
Running store,83
Gift wrap store,83
Sleep clinic,83
Boat tour agency,83
Student dormitory,83
Debris removal service,83
Indoor cycling,82
Synagogue,82
Yarn store,82
Used computer store,82
University department,82
Flight school,81
Quilt shop,81
Guitar store,81
Immigration & naturalization service,81
Camping store,80
Salvage yard,80
Deck builder,80
Video editing service,80
Hospice,80
GPS supplier,80
State park,80
Wine storage facility,80
Festival,79
DJ service,79
Honda dealer,79
Auto auction,79
Mexican goods store,79
Cultural center,79
Childrens store,79
Fishing charter,78
Hot tub repair service,78
Photo restoration service,78
Warehouse store,78
Light bulb supplier,78
Commercial agent,78
Leather repair service,78
Plastic fabrication company,78
Water sports equipment rental service,77
Apostolic church,77
General hospital,77
Water filter supplier,77
Invitation printing service,77
Local medical services,77
Children's amusement center,76
Mobile caterer,76
Well drilling contractor,76
Horse riding school,76
Weightlifting area,76
Allergist,75
Community garden,75
Hair replacement service,75
Medical equipment supplier,75
Dog walker,75
Swimming instructor,75
Peruvian restaurant,75
Culture,75
Leather cleaning service,75
Baseball,74
Steel fabricator,74
Adult entertainment club,74
Bait shop,74
Metal supplier,74
Demolition contractor,74
Orthotics & prosthetics service,74
Used appliance store,74
Toyota dealer,74
Box lunch supplier,74
Country club,73
Golf driving range,73
Endocrinologist,73
Ophthalmology clinic,73
Batting cage center,72
Off roading area,72
Church of the Nazarene,72
Mediation service,72
Chamber of Commerce,72
ATV repair shop,72
Herbal medicine store,72
Small appliance repair service,72
Balloon store,72
Refrigerator store,72
Sauna,72
Painting studio,71
BMW dealer,71
Tent rental service,71
Ford dealer,71
Forklift dealer,71
Bead store,71
Video store,71
Battery store,71
Industrial gas supplier,70
Welding gas supplier,70
Entertainment and recreation,70
Organic food store,70
Karaoke bar,70
Dance store,70
Pumpkin patch,70
Crane rental agency,70
Fire protection service,70
Farm equipment repair service,70
Water testing service,70
Recreational vehicle rental agency,69
Yacht club,69
Grill,69
Social security office,69
Furniture repair shop,69
Noodle shop,69
Cars,69
Korean barbecue restaurant,69
Basketball court,69
Equipment supplier,69
Religious institution,68
Safe & vault shop,68
Firewood supplier,68
Dance hall,68
Chevrolet dealer,68
Soccer store,68
Fried chicken takeaway,68
Canoe & kayak rental service,68
Scaffolding rental service,68
Currency exchange service,67
Mountain peak,67
Golf shop,67
Beer garden,67
Local government office,67
Homeless service,67
Urologist,66
Movie rental,66
Concrete product supplier,66
Rock shop,66
Insurance attorney,65
Spanish restaurant,65
Art museum,65
Construction material wholesaler,65
Veterinary pharmacy,65
Mortuary,65
Blueprint service,65
Corporate entertainment service,65
Employment search service,65
Life coach,65
Electronics manufacturer,65
Guitar instructor,64
Bus company,64
Musician,64
Soccer club,64
Used office furniture store,64
Sports memorabilia store,64
Social club,64
Tack shop,63
Muay Thai boxing gym,63
Language school,63
Inn,63
Organic shop,63
Golf cart dealer,63
Dive shop,63
Wheelchair store,63
Cruise agency,63
Foursquare church,62
Land surveyor,62
Piano instructor,62
Commercial photographer,62
Housing authority,62
Furniture wholesaler,62
Stage lighting equipment supplier,62
Wholesale florist,62
Christmas store,62
Oncologist,62
Cancer treatment center,62
Ski shop,62
Aircraft supply store,61
Foreign consulate,61
Animal control service,61
River,61
Custom tailor,61
Printer repair service,61
Accounting firm,61
MRI center,61
Seafood wholesaler,61
Wood floor refinishing service,61
Research institute,61
Oral and maxillofacial surgeon,60
Mobile home dealer,60
Prison,60
Social security attorney,60
Massage,60
Comedy club,59
Technical school,59
Vending machine supplier,59
Air conditioning store,59
Cutlery store,59
Railroad company,59
Spice store,59
Vocational school,59
Mercedes-Benz dealer,59
Used motorcycle dealer,59
Persian restaurant,59
Gated community,58
Blinds shop,58
Pho restaurant,58
Motor scooter dealer,58
Siding contractor,58
Telecommunications equipment supplier,58
Christian book store,58
Golf instructor,58
Car security system installer,58
Sports activity location,57
Food producer,57
Cleaning products supplier,57
Health,57
Talent agency,57
Business related,57
Cheesesteak restaurant,57
Do-it-yourself shop,57
Sandblasting service,57
Concert hall,57
Underwear store,57
Crane service,57
Emergency care physician,56
Catholic school,56
Catering,56
Auto parts manufacturer,56
Steel distributor,56
Electronics company,56
Exhibit,56
Meat processor,56
Fastener supplier,56
Chinese takeaway,55
Dressmaker,55
Hot pot restaurant,55
Training school,55
Wildlife refuge,55
Telecommunications contractor,55
Public relations firm,55
Department of Transportation,55
Used bicycle shop,55
Ski rental service,55
Food and drink,55
Process server,54
Sports nutrition store,54
Education,54
Auto parts market,54
Funeral director,54
Orchard,54
Baking supply store,54
Bag shop,54
Electrical wholesaler,54
Casino,54
Soul food restaurant,54
Swimming school,54
Foot care,54
Wine cellar,54
Door shop,54
Awning supplier,54
Technical service,53
Cabin rental agency,53
Electrical installation service,53
South Asian restaurant,53
Lawn sprinkler system contractor,53
Crêperie,53
Burglar alarm store,53
Clock repair service,53
Used musical instrument store,53
Mechanical contractor,52
Water mill,52
Public golf course,52
Youth clothing store,52
Air filter supplier,52
Ammunition supplier,52
Computer training school,52
Family service center,52
Military base,52
Orthodox church,52
History museum,52
Sports school,52
Property maintenance,51
Wicker store,51
Commercial refrigeration,51
Auto bodywork mechanic,51
Dialysis center,51
Stained glass studio,51
Camera store,51
Culinary school,51
Trading card store,50
Audio visual equipment repair service,50
Screen store,50
Tax attorney,50
Hydraulic repair service,50
Fuel supplier,50
Historical society,50
Youth social services organization,50
Computer networking center,50
Logistics,50
Theater company,50
Sports card store,50
Hindu temple,50
European restaurant,50
Taekwondo school,50
Southern restaurant (US),49
Horse breeder,49
Handbags shop,49
Business networking company,49
Maternity store,49
Cupcake shop,48
Electrical engineer,48
Free parking lot,48
Public health department,48
Military recruiting office,48
Meditation instructor,48
Pakistani restaurant,48
Softball field,48
Stage,48
Outdoor swimming pool,48
Art handcraft,48
Wood stove shop,48
Telephone answering service,48
Decal supplier,48
Labor relations attorney,47
ATV dealer,47
Baseball club,47
Company,47
Indoor swimming pool,47
Low income housing program,47
Snowboard rental service,47
Wholesale jeweler,47
Mammography service,47
Children's hospital,47
Credit counseling service,47
Paving materials supplier,47
Electrical equipment supplier,47
Oxygen equipment supplier,47
Vista point,46
Appraiser,46
Firearms academy,46
Tractor repair shop,46
Recreation,46
Karaoke,46
Tax department,46
Lighting wholesaler,46
Mobility equipment supplier,46
Naturopathic practitioner,46
Computer software store,46
Bankruptcy service,46
Scrapbooking store,46
Microwave oven repair service,46
Structural engineer,46
Emergency training,46
University library,46
Animals,46
Woodworking supply store,45
Convention center,45
Antique furniture restoration service,45
Public beach,45
Costume jewelry shop,45
Rock climbing,45
Animal protection organization,45
Distillery,45
Nissan dealer,45
Wi-Fi spot,45
HIV testing center,45
Cultural landmark,45
Shipping and mailing,44
Translator,44
Lighting contractor,44
Bike sharing station,44
Food service,44
Dental insurance agency,44
Parking lot for bicycles,44
Lighting consultant,44
Aerobics instructor,44
Rock climbing gym,44
Electrical repair shop,44
Satellite communication service,43
Electric motor repair shop,43
Pharmaceutical company,43
Surf school,43
Religious school,43
Yacht broker,43
Construction machine dealer,43
Boxing club,43
BBQ area,43
Dim sum restaurant,43
Disc golf course,43
Athletic club,43
T-shirt company,43
Dance club,43
Valet parking service,43
Business banking service,42
Beer hall,42
Courthouse,42
Statuary,42
Boat cover supplier,42
Futon store,42
Youth center,42
Video conferencing service,42
Blood donation center,42
Home automation company,42
Greenhouse,42
Laser cutting service,42
Art restoration service,42
Glass blower,42
Food,42
Washer & dryer store,42
Marble contractor,42
Foster care service,42
Ambulance service,41
Metal finisher,41
Furnace parts supplier,41
Oil & natural gas company,41
Beach clothing store,41
Car racing track,41
Medical school,41
Hydraulic equipment supplier,41
Peninsula,41
Gurudwara,41
Tool wholesaler,41
Stereo repair service,41
Boat club,41
Orthopedic shoe store,40
Video duplication service,40
Amusement park,40
Aged care,40
Trucking school,40
Clothing supplier,40
News service,40
Tennis store,40
Hypnotherapy service,40
Furniture manufacturer,40
Turf supplier,40
Bus tour agency,40
Family planning center,40
Chinese noodle restaurant,40
Piano store,40
Live music bar,40
Architecture firm,40
Market researcher,40
Womens personal trainer,39
Fertility clinic,39
Brewing supply store,39
Scooter repair shop,39
Sewing machine store,39
Guest house,39
Pulmonologist,39
Stores and shopping,39
County court,39
Brazilian restaurant,39
Sharpening service,39
Electric motor store,39
SCUBA instructor,39
Audi dealer,39
Sushi takeaway,39
Martial arts supply store,39
Yoga instructor,39
Attorney referral service,39
Frozen dessert supplier,38
Clothing wholesaler,38
Meeting room,38
Monument maker,38
Farm shop,38
Tuning automobile,38
Kung fu school,38
Mens tailor,38
Botanical garden,38
Aircraft rental service,38
Patio enclosure supplier,38
Gay bar,38
Investment bank,38
Traditional American restaurant,38
Lebanese restaurant,38
English language school,38
Emergency training school,38
Toner cartridge supplier,37
Utility contractor,37
Tapas bar,37
Hot water system supplier,37
Flea market,37
Department of Social Services,37
Barber school,37
Music producer,37
Paintball center,37
Mountain cabin,37
Aluminum welder,37
Theater production,37
Bowling alley,37
Newsstand,37
Linoleum store,37
Psychiatric hospital,37
Cooking class,36
Nursing school,36
Auto sunroof shop,36
Reformed church,36
Computer accessories store,36
Employment consultant,36
Neon sign shop,36
Rest stop,36
Gas cylinders supplier,36
Shed builder,36
Ballet school,36
Hot dog stand,36
Investment company,36
Copier repair service,36
Fabric wholesaler,36
Auto market,36
Chicken shop,35
Reptile store,35
Outerwear store,35
Massage supply store,35
Drama school,35
School bus service,35
Disability services & support organisation,35
Telecommunications,35
Arborist and tree surgeon,35
Cantonese restaurant,35
Property investment,35
Fruit parlor,35
Dodge dealer,34
Occupational medical physician,34
Organic farm,34
Artificial plant supplier,34
Sanitation service,34
Beer distributor,34
Physical examination center,34
Corporate gift supplier,34
Design,34
Fresh food market,34
Hay supplier,34
Swimming facility,34
Foreclosure service,34
Environmental health service,34
Nursing agency,34
Business school,34
Small plates restaurant,34
Pie shop,33
Road construction company,33
Sichuan restaurant,33
City courthouse,33
Public parking space,33
Rheumatologist,33
Alternator supplier,33
Fire protection equipment supplier,33
Ice supplier,33
Special education school,33
Wine wholesaler and importer,33
Event ticket seller,33
Fusion restaurant,33
Gun club,33
Authentic Japanese restaurant,33
Copying supply store,33
Orthodox synagogue,33
Commercial refrigerator supplier,33
Coffee stand,33
Diesel engine dealer,33
Hose supplier,33
Auto accessories wholesaler,32
Trail head,32
Asbestos testing service,32
Asphalt contractor,32
Dumpling restaurant,32
Wood supplier,32
Bird shop,32
Chinese medicine clinic,32
Architectural designer,32
Furnace store,32
Bicycle rack,32
Delivery Chinese restaurant,32
Electrolysis hair removal service,32
Sailing school,32
Archery range,32
Fishing pier,32
Waterproofing company,32
Body arts,32
Glass cutting service,32
Pan-Asian restaurant,31
Water works equipment supplier,31
Lamination service,31
Fish & chips restaurant,31
Estate liquidator,31
Coaching center,31
Hand surgeon,31
Landmark,31
Fireworks store,31
Family day care service,31
Research and product development,31
Food store,31
Meeting planning service,31
Herbalist,31
Natural stone supplier,31
National forest,31
Real estate school,31
Lymph drainage therapist,31
Oriental rug store,31
Neurosurgeon,31
Private university,31
Ballroom dance instructor,31
Driveshaft shop,31
Stucco contractor,31
Car manufacturer,30
Environmental program,30
Health and beauty,30
Water treatment supplier,30
Motorcycle rental agency,30
Reform synagogue,30
Surplus store,30
Holiday apartment,30
Ice skating rink,30
Fire alarm supplier,30
Information services,30
Services,30
Tapas restaurant,30
Pallet supplier,30
Iron works,30
Hematologist,30
Career guidance service,30
Pizza takeaway,30
Water treatment plant,30
Pumping equipment and service,30
Water ski shop,30
Dried flower shop,30
Establishment,30
Athletic track,30
Soup shop,30
Portable toilet supplier,30
Bookbinder,30
Wheelchair rental service,29
Belt shop,29
Utility trailer dealer,29
Plywood supplier,29
Doll store,29
Gospel church,29
Towing equipment provider,29
Soil testing service,29
Forestry service,29
Popcorn store,29
Public safety office,29
Afghani restaurant,29
Vegetarian cafe and deli,29
Adventure sports,29
Vascular surgeon,29
Food processing company,29
Art dealer,29
Army & navy surplus shop,29
Falafel restaurant,29
Camera repair shop,29
Mirror shop,29
Part time daycare,29
Billiards supply store,29
Canoe & kayak store,29
Veterans affairs department,29
Skylight contractor,29
Wheelchair repair service,29
Fiberglass repair service,28
Meal delivery,28
Tire repair shop,28
Softball club,28
Little league club,28
Event technology service,28
Import export company,28
Piano repair service,28
Environmental engineer,28
Porsche dealer,28
Sewing company,28
Energy equipment and solutions,28
Finance broker,28
Historical place museum,28
Computer hardware manufacturer,28
Direct mail advertising,28
Luggage repair service,28
Dry ice supplier,28
Subaru dealer,28
Jeep dealer,28
Aromatherapy supply store,28
Aviation consultant,28
Shoe shining service,28
Raft trip outfitter,28
Plating service,28
Canoe & kayak tour agency,28
Vehicle shipping agent,28
Probation office,27
Recycling drop-off location,27
Religious destination,27
Fish store,27
Cuban restaurant,27
Swimming,27
Scooter rental service,27
Reproductive health clinic,27
Petroleum products company,27
Handicapped transportation service,27
Dinner theater,27
Civil engineering company,27
Local history museum,27
Foot bath,27
Stock broker,27
Real estate appraiser,27
Glassware store,27
Confectionery,27
Unitarian Universalist Church,27
Model shop,27
Patent attorney,27
Off-road race track,27
Shelving store,27
Air compressor repair service,27
Savings bank,27
Mexican torta restaurant,27
Bird control service,27
Laboratory equipment supplier,27
Business administration service,27
Korean church,27
Police supply store,27
Indian takeaway,27
Little league field,27
Volkswagen dealer,27
Beauty products wholesaler,27
Fire protection system supplier,27
United Church of Christ,26
Acura dealer,26
Martial arts club,26
Chocolate artisan,26
Water pump supplier,26
Container terminal,26
Race car dealer,26
Aquatic centre,26
Sheet music store,26
Outdoor clothing and equipment shop,26
Visa consultant,26
Southwestern restaurant (US),26
Caribbean restaurant,26
Research foundation,26
Racecourse,26
Coffee wholesaler,26
Water cooler supplier,26
Eclectic restaurant,26
Football Field,26
Izakaya restaurant,26
Archery store,26
Whale watching tour agency,26
Educational testing service,26
Cadillac dealer,26
Gardener,26
Sticker manufacturer,26
Ethiopian restaurant,26
Violin shop,26
Boot repair shop,26
SCUBA tour agency,26
Greek Orthodox church,26
Theme park,26
Book publisher,26
Chapel,26
Public university,26
Mulch supplier,25
Glazier,25
Beautician,25
Ski resort,25
GMC dealer,25
Transportation infrastructure,25
Hair transplantation clinic,25
Educational supply store,25
Vocal instructor,25
Beauty,25
Medical examiner,25
Construction and maintenance office,25
Band,25
Irish pub,25
Saw sharpening service,25
Mongolian barbecue restaurant,25
Outdoor activity organiser,25
Interior plant service,25
Liquidator,25
Home help,25
Regional airport,25
Bicycle club,25
Meat packer,25
Machining manufacturer,25
Mobile home rental agency,25
Aquarium shop,25
Aquarium,25
Generator shop,25
Glass etching service,25
Italian grocery store,25
Air compressor supplier,25
Lamp repair service,25
Airplane,25
Piano tuning service,25
Leasing service,25
Class,25
Extended stay hotel,24
Transportation,24
Baby swimming school,24
Anesthesiologist,24
Child health care centre,24
Cell phone charging station,24
Customs broker,24
Transport interchange,24
Photo booth,24
Beach entertainment shop,24
Butcher shop deli,24
Glass engraver,24
Tennis instructor,24
Drafting service,24
Appliances customer service,24
Carpenter,24
Environmental organization,24
Creole restaurant,24
Carpet wholesaler,24
Haunted house,24
Graduate school,24
Private tutor,24
Basketball club,24
Call center,24
Agricultural production,24
Nut store,24
Airbrushing service,24
Hip hop dance class,24
Circus,24
Monastery,24
Blood bank,24
Truck topper supplier,24
Professional organizer,24
Pinatas supplier,23
Storage,23
Honey farm,23
Armenian restaurant,23
Coin operated laundry equipment supplier,23
Volleyball court,23
Trailer manufacturer,23
Volvo dealer,23
Land Rover dealer,23
Abrasives supplier,23
Private golf course,23
Tobacco supplier,23
Protective clothing supplier,23
Harbor,23
Miniatures store,23
Airsoft supply store,23
Hunting and fishing store,23
Heliport,23
Scrap metal dealer,22
Tamale shop,22
Transit stop,22
Taxidermist,22
Executive search firm,22
Medical billing service,22
Locks supplier,22
Fountain contractor,22
Judo school,22
Horse rental service,22
Boat accessories supplier,22
Villa,22
Elevator service,22
Jewellery manufacturer,22
Floor sanding and polishing service,22
Fire protection consultant,22
Arena,22
Aluminum supplier,22
Hyundai dealer,22
Oil refinery,22
Court reporter,22
Travel clinic,22
Modeling agency,22
Agricultural product wholesaler,22
Childrens book store,22
Down home cooking restaurant,22
Shabu-shabu restaurant,22
Prosthodontist,22
Amphitheater,22
Incense supplier,22
Helium gas supplier,22
Flag store,22
Car sharing location,21
Aerial photographer,21
DJ supply store,21
Turkish restaurant,21
Ballroom,21
Tai chi school,21
Religious book store,21
Printing equipment and supplies,21
Government,21
Knit shop,21
Laser tag center,21
Sewage treatment plant,21
Balloon artist,21
Horse riding,21
Screen printing supply store,21
Camper shell supplier,21
Electronics,21
Hospital department,21
Metal workshop,21
Island,21
Protestant church,21
Chrysler dealer,21
Zoo,21
Monument,21
Refrigerated transport service,21
Montessori school,21
Volleyball club,21
Interior construction contractor,21
Beach pavillion,21
Home help service agency,21
Chinaware store,21
Oil field equipment supplier,21
Bingo hall,21
Swimming lake,21
Guatemalan restaurant,21
Office,21
Veterans center,21
Newspaper advertising department,20
African goods store,20
Fairground,20
Classified ads newspaper publisher,20
Wildlife rescue service,20
Electrical substation,20
Laotian restaurant,20
Cosmetics industry,20
Tree farm,20
Seasonal goods store,20
Hoagie restaurant,20
Video game rental kiosk,20
Diabetes center,20
Pond contractor,20
Jaguar dealer,20
Gymnastics club,20
Weigh station,20
Korean grocery store,20
Adult DVD store,20
Abortion clinic,20
Gas logs supplier,20
Adoption agency,20
Aircraft maintenance company,20
Drilling contractor,20
Child psychologist,20
National park,20
Saw mill,20
Conservative synagogue,20
Vacuum cleaning system supplier,20
Pottery classes,20
Subway station,20
Coin cashing machine,20
Medical equipment manufacturer,20
Soup kitchen,20
Pump supplier,20
Jamaican restaurant,20
Aggregate supplier,20
Door manufacturer,19
Group home,19
Dirt supplier,19
Fabrication engineer,19
Cider bar,19
Aviation,19
Plastic products supplier,19
Water works,19
Reclamation centre,19
Helicopter tour agency,19
Otolaryngology clinic,19
Pet friendly accommodation,19
Pond supply store,19
Eastern Orthodox Church,19
Pond fish supplier,19
Gay & lesbian organization,19
Container service,19
Self-catering accommodation,19
Specialized clinic,19
Bark supplier,19
Canal,19
Observation deck,19
Curtain and upholstery cleaning service,19
Mechanical engineer,19
Olive oil bottling company,19
Food manufacturing supply,19
Table tennis facility,19
Anglican church,19
Massage school,19
Knife store,19
Nepalese restaurant,19
Agrochemicals supplier,19
Homeopath,19
Harley-Davidson dealer,19
Spa town,19
Casket service,19
Osteopath,19
Private college,18
Argentinian restaurant,18
Non-governmental organization,18
Public wheelchair-accessible bathroom,18
Modular home dealer,18
Fertility physician,18
E commerce agency,18
Outboard motor store,18
Beach volleyball court,18
Dairy supplier,18
Bicycle wholesale,18
Teppanyaki restaurant,18
Transcription service,18
Rare book store,18
Rafting,18
Home cinema installation,18
Video camera repair service,18
Mobile hairdresser,18
Bus ticket agency,18
Glass merchant,18
Shanghainese restaurant,18
Cambodian restaurant,18
Native american goods store,17
Colombian restaurant,17
Police station,17
Debt collection agency,17
Winemaking supply store,17
Mapping service,17
Dental school,17
Church supply store,17
Spiritist center,17
Sauna store,17
Conservation department,17
Costume rental service,17
Function room facility,17
Tool manufacturer,17
Midwife,17
Art cafe,17
Roller coaster,17
Body shaping class,17
Physiatrist,17
Public works department,17
Poultry farm,17
Railing contractor,17
Magician,17
Modern European restaurant,17
Head start center,17
Chimney services,17
Lexus dealer,17
Chocolate factory,17
Racquetball club,17
Paper store,17
Cottage,17
Nightlife,17
Sunroom contractor,17
Hostel,17
Oilfield,17
Food and beverage consultant,16
Oyster bar restaurant,16
Dress and tuxedo rental service,16
Baseball goods store,16
Warehouse club,16
Birth control center,16
Fitness equipment wholesaler,16
Border crossing station,16
Livestock breeder,16
District office,16
Sewage disposal service,16
Pier,16
Animation studio,16
Container supplier,16
Insurance,16
ATV rental service,16
Music management and promotion,16
Curtain store,16
Natural feature,16
Buick dealer,16
Bank or ATM,16
Mandarin restaurant,16
Clothes and fabric manufacturer,16
Hawaiian goods store,16
Building inspector,16
Design engineer,16
Accounting,16
Leather wholesaler,16
Mazda dealer,16
Fencing school,16
Astrologer,16
Crushed stone supplier,16
Fixed-base operator,16
Video game rental store,16
Train yard,16
African restaurant,16
Industrial vacuum equipment supplier,16
Lighting manufacturer,16
Burmese restaurant,16
Sweets and dessert buffet,16
Drum school,16
Stair contractor,16
Boating instructor,16
Painting lessons,16
Commercial real estate inspector,15
Yamaha motorcycle dealer,15
Theatrical costume supplier,15
Water park,15
Stamp shop,15
Foam rubber supplier,15
First aid station,15
Resume service,15
Kebab shop,15
Bus and coach company,15
Homestay,15
Raw food restaurant,15
Garden building supplier,15
Motorcycle driving school,15
Swimming basin,15
South American restaurant,15
Gyro restaurant,15
License bureau,15
Interior Decorator,15
Dairy store,15
Patisserie,15
Mailbox supplier,15
Energy supplier,15
Magazine store,15
Photography class,15
Vinyl sign shop,15
Board game club,15
Urban planning department,15
Craniosacral therapy,15
Occupational safety and health,15
Bearing supplier,15
Jewelry equipment supplier,15
Transportation escort service,15
Store equipment supplier,15
Mitsubishi dealer,14
Small claims assistance service,14
Tune up supplier,14
Repairs,14
Mining equipment,14
Snow removal service,14
Orchid grower,14
Office equipment rental service,14
Political party office,14
Chinese bakery,14
Serviced accommodation,14
Surveyor,14
Fish farm,14
Ferry service,14
Metal polishing service,14
Holiday home,14
Restaurant or cafe,14
Industrial real estate agency,14
Chemical wholesaler,14
Wrestling school,14
Chemical manufacturer,14
Sports,14
Athletic park,14
Oil store,14
Coffee machine supplier,14
Central American restaurant,14
Pediatric ophthalmologist,14
Domestic airport,14
Grain elevator,14
Mehndi designer,14
Environmental protection organization,14
Gazebo builder,14
Estate appraiser,14
Açaí shop,14
Carport and pergola builder,14
Pony ride service,14
Ecological park,14
Hispanic church,14
Musical club,14
Semi conductor supplier,14
Crab house,14
Paintball store,14
Bird watching area,14
Tag agency,14
Egg supplier,14
Video equipment repair service,14
Rubber stamp store,14
Full Gospel church,14
Green energy supplier,14
Leather coats store,14
Nephrologist,14
Amish furniture store,14
Hub cap supplier,14
Lottery shop,14
Asphalt mixing plant,14
Modern Indian restaurant,13
Physician referral service,13
Automation company,13
Traditional restaurant,13
Bay,13
Water,13
Organic drug store,13
Leather goods manufacturer,13
Forensic consultant,13
Parkour spot,13
Naval base,13
Women's organization,13
Business broker,13
Curtain supplier and maker,13
Trucking,13
Notable street,13
Makerspace,13
Reservoir,13
Pond,13
Battery wholesaler,13
Airline ticket agency,13
Housing society,13
Childrens club,13
Rubber products supplier,13
Fishing club,13
Immunologist,13
Rental,13
Japanese curry restaurant,13
Diabetes equipment supplier,13
Ferry terminal,13
Australian goods store,13
Fountain,13
Recycling container location,13
Specialized hospital,13
Electric utility manufacturer,13
Bar stool supplier,13
Kite shop,13
Go-kart track,13
Power station,13
Children's museum,13
Income tax help association,13
Monogramming service,13
Tile manufacturer,13
Student union,13
Free clinic,13
Cake decorating equipment shop,13
Russian restaurant,13
Video conferencing equipment supplier,13
Observatory,13
Building consultant,13
Hydroelectric power plant,13
Horse riding field,12
Adventure sports center,12
Glass manufacturer,12
Boat trailer dealer,12
Vocational college,12
Archive,12
School administrator,12
Forestry office,12
Electronics vending machine,12
District government office,12
BMW motorcycle dealer,12
Hunting store,12
Computer wholesaler,12
Ceramic manufacturer,12
Musical instrument manufacturer,12
Social worker,12
Income protection insurance,12
Travel,12
Closed circuit television,12
Fishing area,12
Optical products manufacturer,12
Shipyard,12
Certification agency,12
Scandinavian restaurant,12
Dental supply store,12
Skydiving center,12
Bridge club,12
Duty free store,12
Russian Orthodox church,12
Youth club,12
Haute couture fashion house,12
Law school,12
Fishing pond,12
Fishing camp,12
State employment department,12
Driver's license office,12
Infiniti dealer,12
Plastic injection molding service,12
Mobile home supply store,12
Rodeo,12
Alliance church,12
Primary school,12
Printing equipment supplier,12
Tower communication service,12
Visa and passport office,12
Law library,12
Preparatory school,12
Highway patrol,12
Soccer practice,12
Tattoo artist,12
Quarry,12
Notions store,12
Weather forecast service,12
Parking,12
Kia dealer,12
Cave,12
Serviced apartment,12
Wedding buffet,11
Handicraft,11
Literacy program,11
Database management company,11
Medical lawyer,11
Bocce ball court,11
Hunting club,11
Chinese tea house,11
Modular home builder,11
Used CD store,11
Youth group,11
Airport parking lot,11
Drum store,11
Silk plant shop,11
Rock climbing instructor,11
Animal park,11
Kawasaki motorcycle dealer,11
Tax assessor,11
Salsa classes,11
Bowling supply shop,11
Sukiyaki and Shabu Shabu restaurant,11
Cooking school,11
Road construction machine repair service,11
Credit reporting agency,11
Olive oil manufacturer,11
German restaurant,11
Agriculture cooperative,11
Water jet cutting service,11
Kosher grocery store,11
Country park,11
Tribal headquarters,11
Nursery school,11
Acrylic store,11
Interior door,11
Dairy farm equipment supplier,11
Customs warehouse,11
Heart hospital,11
Diving center,11
Junior college,11
Hockey rink,11
Clock watch maker,11
Venture capital company,11
Lawn bowls club,11
Civic center,11
Machine workshop,11
Boat builders,11
Vineyard church,11
Aluminum window,11
Steel construction company,11
Metal industry suppliers,11
Hall,11
Internet shop,11
Sheltered housing,11
Machine maintenance,11
Pancake restaurant,11
Laser equipment supplier,11
Legal aid office,11
Power plant equipment supplier,10
Feed manufacturer,10
Media consultant,10
Lincoln dealer,10
Furniture accessories supplier,10
Industrial door supplier,10
Containers supplier,10
Wok restaurant,10
Urology clinic,10
Wetland,10
Information bureau,10
Birth center,10
Optical wholesaler,10
Northern Italian restaurant,10
Lapidary,10
Pathologist,10
Administrative attorney,10
Air force base,10
Ethnic restaurant,10
Cat boarding service,10
Miniature golf course,10
Driver and vehicle licensing agency,10
Wholesale market,10
Shrine,10
Ducati dealer,10
Balloon ride tour agency,10
Bouncy castle hire,10
School center,10
Hunan restaurant,10
Building design company,10
Agricultural organization,10
Chemical plant,10
Livestock auction house,10
Mission,10
Used game store,10
Pet care,10
Clothes market,10
Friends church,10
Science museum,10
Timeshare agency,10
Cosmetic products manufacturer,10
Mathematics school,10
Needlework shop,10
Dairy,10
MINI dealer,10
Wholesale food store,10
Mining company,10
Cattery,10
Poultry store,10
Disco club,10
Motor scooter repair shop,10
Chocolate cafe,10
Machine repair service,10
Gay night club,10
Plastic wholesaler,10
Gynecologist,10
Orchestra,10
Pen store,10
Photo agency,10
Dating service,10
Natural history museum,10
Waterfall,10
Shelter,10
Mennonite church,10
Oriental goods store,10
Toll booth,9
Spring,9
Modern art museum,9
Lawyers association,9
Aikido school,9
Water skiing instructor,9
Amusement machine supplier,9
Auditor,9
Sculpture museum,9
District attorney,9
Car factory,9
Glass industry,9
Bakery equipment,9
Wood working class,9
Dog cafe,9
Juvenile detention center,9
Video game rental service,9
Golf,9
Lamp shade supplier,9
Agricultural service supply agency,9
Fire department equipment supplier,9
Internal medicine ward,9
Bonsai plant supplier,9
Building materials market,9
Food and beverage exporter,9
Dart supply store,9
Alternative medicine,9
Fur service,9
Portable building manufacturer,9
Paper mill,9
National reserve,9
Agricultural machinery manufacturer,9
Medical certificate service,9
Barbecue area,9
Human resources,9
Churreria,9
Moped dealer,9
Spring supplier,9
State Department of Transportation,9
Aerial sports center,9
Polythene and plastic sheeting supplier,9
Cultural association,9
Irish restaurant,9
Detention center,9
Parish,9
Convention information bureau,9
Model train store,9
Wesleyan church,9
Packaging machinery,9
Pick your own farm produce,9
Music conservatory,9
Tram stop,9
Suzuki motorcycle dealer,9
Natural stone wholesaler,9
Nurse practitioner,9
Alcohol manufacturer,9
Loss adjuster,9
Logging contractor,9
Halfway house,9
Railroad contractor,9
Frozen food manufacturer,9
Door warehouse,9
Foundry,9
Insulator supplier,9
City clerk's office,9
Boarding house,9
Cruise line company,9
East African restaurant,9
Watch manufacturer,9
Police academy,9
Pool billard club,9
Roller skating rink,8
Knitting instructor,8
Ram dealer,8
Fondue restaurant,8
Metal detecting equipment supplier,8
Badminton court,8
Financial audit,8
Display stand manufacturer,8
Horse trailer dealer,8
Flavours fragrances and aroma supplier,8
Holiday apartment rental,8
Chinese medicine store,8
Spices wholesalers,8
Seminary,8
Physician assistant,8
Cinema equipment supplier,8
Sailing club,8
Hunting area,8
Brasserie,8
Scale model club,8
Ski repair service,8
Fabric product manufacturer,8
Shoe factory,8
Housing association,8
Football club,8
Battery manufacturer,8
Dump truck dealer,8
Agriculture,8
Drama theater,8
Building lots sales agency,8
Helicopter charter,8
BMX park,8
Tonkatsu restaurant,8
Hospital equipment and supplies,8
Accounting software company,8
Alcoholic beverage wholesaler,8
Metal construction company,8
Metal processing company,8
CD store,8
Aircraft manufacturer,8
Metal stamping service,8
Australian restaurant,8
Travel lounge,8
Wedding dress rental service,8
3D printing service,8
Outlet mall,8
Debt collecting,8
Amusement ride supplier,8
State police,8
Senior high school,8
Armenian church,8
Cosmetics and perfumes supplier,8
Bar restaurant furniture store,8
British restaurant,8
Masonic center,8
Moroccan restaurant,8
Toy manufacturer,8
Domestic abuse treatment center,8
Rail museum,8
Conveyor belt sushi restaurant,8
Short term apartment rental agency,8
Compressed natural gas station,8
Metropolitan train company,8
Skin care products vending machine,8
Telephone exchange,8
Indonesian restaurant,8
Israeli restaurant,8
Maserati dealer,8
Play school,8
Livestock dealer,8
Hunting preserve,8
Outdoor movie theater,8
BMX track,8
Veterans hospital,8
Equestrian store,8
Distance learning center,8
Drive-in movie theater,8
Southern Italian restaurant,8
Gas installation service,8
Electronics wholesaler,7
Rowing club,7
Wax supplier,7
Federal courthouse,7
Tax collector's office,7
River port,7
Military cemetery,7
Deaf service,7
Japanese grocery store,7
Music,7
Bangladeshi restaurant,7
Retail space rental agency,7
Paint stripping company,7
Food processing equipment,7
Pet moving service,7
Cider mill,7
Railway services,7
Homeopathic pharmacy,7
Boiler supplier,7
Model design company,7
Interior architect office,7
Typewriter repair service,7
Parasailing ride service,7
Table tennis supply store,7
Unfinished furniture store,7
Biking trail,7
Skeet shooting range,7
Arboretum,7
Malaysian restaurant,7
Frozen food store,7
Fruit and vegetable processing,7
Golf course builder,7
Building,7
Geotechnical engineer,7
Bartending school,7
Honduran restaurant,7
Elevated,7
Marriage license bureau,7
Office supply wholesaler,7
Poke bar,7
Acoustical consultant,7
House sitter,7
Bicycle store,7
Civil police,7
Gay sauna,7
Package locker,7
Mobile money agent,7
Photocopiers supplier,7
Eye care,7
Envelope supplier,7
Industrial design company,7
Triumph motorcycle dealer,7
Department of education,7
Pet cemetery,7
Modern French restaurant,7
War memorial,7
Gastrointestinal surgeon,7
Software training institute,7
Sailmaker,7
Tofu restaurant,7
Blacksmith,7
Drivers license training school,7
Genesis dealer,7
Magic store,7
Fruit wholesaler,7
Outdoor equestrian facility,7
Board of education,7
Junk dealer,7
Group accommodation,7
Civil defense,7
Prosthetics,7
Voter registration office,7
Soccer,7
Planetarium,7
Fish and chips takeaway,7
Road cycling,7
Tool grinding service,7
Indoor golf course,7
Marriage celebrant,7
Advertising service,7
Housing cooperative,7
Surf lifesaving club,7
Fireplace manufacturer,6
Dart bar,6
Motoring club,6
Yoga retreat center,6
Department of Public Safety,6
Glass block supplier,6
Workers' club,6
Fiber optic products supplier,6
Fruit and vegetable wholesaler,6
Train ticket agency,6
Taoist temple,6
Smart shop,6
Equestrian club,6
Music publisher,6
Shooting event area,6
Tesla showroom,6
Yakiniku restaurant,6
International school,6
Rainwater tank supplier,6
Badminton club,6
Superfund site,6
Asian household goods store,6
Archery club,6
Charcuterie,6
Telemarketing service,6
Women's shelter,6
Proctologist,6
Desktop publishing service,6
Yakitori restaurant,6
Scale supplier,6
Russian grocery store,6
Agricultural association,6
Emergency services,6
Oaxacan restaurant,6
Food broker,6
Alfa Romeo dealer,6
Infectious disease physician,6
Exhibition planner,6
Hong Kong style fast food restaurant,6
Cathedral,6
Performing arts,6
Graffiti removal service,6
Metal working shop,6
Sailing event area,6
Students support association,6
Castle,6
Public utility,6
Minibus taxi service,6
English language instructor,6
Paper shredding machine supplier,6
City administration,6
Country food restaurant,6
Foreign languages program school,6
Ridge,6
Registry office,6
Log cabins,6
Oil and gas exploration service,6
Singaporean restaurant,6
Pottery manufacturer,6
Perinatal center,6
Army facility,6
Bikram yoga studio,6
Isuzu dealer,6
Clothing wholesale market place,6
Tea wholesaler,6
Olive oil cooperative,6
Christian college,6
Piano bar,6
Dive club,6
Singles organization,6
Wildlife park,6
Messianic synagogue,6
French language school,6
Industrial consultant,6
Flour mill,6
Railroad equipment supplier,6
Cable car station,6
Residents association,6
Buddhist supplies store,6
Carriage ride service,6
Notaries association,5
Tea manufacturer,5
Fiberglass supplier,5
Farmstay,5
Oriental medicine store,5
Aston Martin dealer,5
Bentley dealer,5
Screw supplier,5
Japanese confectionery shop,5
Typing service,5
Ham shop,5
Disciples of Christ Church,5
Memorial estate,5
Udon noodle restaurant,5
Cycling park,5
Law book store,5
Table tennis club,5
Cement supplier,5
Office equipment repair service,5
Marines facility,5
Power plant consultant,5
Photography school,5
Holiday accommodation service,5
Drawing lessons,5
Gemologist,5
Fund management company,5
Food machinery supplier,5
Theater supply store,5
Jazz club,5
Stone cutter,5
Venezuelan restaurant,5
Childrens party buffet,5
Aeroclub,5
Architectural salvage store,5
Polynesian restaurant,5
Embassy,5
Figurine shop,5
Social services,5
Trust bank,5
Model portfolio studio,5
Photography,5
Pharmaceutical lab,5
Heating oil supplier,5
Feng shui consultant,5
Bilingual school,5
Livestock producer,5
Concrete metal framework supplier,5
Community service,5
Food delivery,5
Cheese manufacturer,5
Oil wholesaler,5
Biryani restaurant,5
Coffin supplier,5
Government economic program,5
Education and culture,5
Childrens library,5
Childrens cafe,5
Tool & die shop,5
Scouting,5
English language camp,5
Diving contractor,5
Studying center,5
Student career counseling office,5
Household goods wholesaler,5
Marine engineer,5
Blast cleaning service,5
Aviation training institute,5
Hockey club,5
Childrens theater,5
Mine,5
Belgian restaurant,5
Fair,5
Bead wholesaler,5
Drinking water dispenser,5
Solar photovoltaic power plant,5
Electronics accessories wholesaler,5
Industrial building,5
Flooring,5
State liquor store,5
Hair,5
Oriental medicine clinic,5
Mill,5
Police,5
Ashram,5
Iron steel contractor,5
Mineral water company,5
Pediatric cardiologist,5
Saddlery,5
Professional and hobby associations,5
Fruits wholesaler,5
Courier & shipping services,5
Anodizer,5
Record company,5
Tofu shop,5
Assembly room,5
Film and photograph library,5
Media house,5
Vending machine,5
Youth care,5
City Department of Public Safety,5
Leisure centre,5
Childbirth class,5
Car rental,5
Maritime museum,5
Dude ranch,5
Used store fixture supplier,5
Aquaculture farm,5
Manufactured home transporter,5
Medical technology manufacturer,5
Electronic engineer,5
Books wholesaler,5
Pinball machine supplier,5
Train depot,5
PVC windows supplier,5
Countertop contractor,5
Biofeedback therapist,5
Beverages,5
Capoeira school,5
Ceramics wholesaler,5
Distributary,5
Christmas market,5
Gas shop,5
Industrial chemicals wholesaler,5
Kitchen,5
High ropes course,5
Music box store,4
Pediatric dermatologist,4
Farm household tour,4
Angler fish restaurant,4
Toy and game manufacturer,4
Banking and finance,4
Lamborghini dealer,4
Wholesaler household appliances,4
Telecommunications engineer,4
Crisis center,4
Camping farm,4
Garment exporter,4
Office of Vital Records,4
Beauty products vending machine,4
International trade consultant,4
Building firm,4
Off track betting shop,4
Engineering school,4
Air taxi,4
Cash and carry wholesaler,4
Vehicle exporter,4
Handicraft school,4
Swiss restaurant,4
Handball court,4
Study at home school,4
Clothing,4
Thread supplier,4
Pneumatic tools supplier,4
Public defender's office,4
Lawyer,4
Musician and composer,4
Registered general nurse,4
Interior decoration,4
Choir,4
Irish goods store,4
Hockey supply store,4
Measuring instruments supplier,4
Passport agent,4
Leather goods supplier,4
Disability equipment supplier,4
Woods,4
Chicken hatchery,4
Salvage dealer,4
Diaper service,4
Taxicab Stand,4
Cruise terminal,4
Builder,4
Shipping equipment industry,4
Eating disorder treatment center,4
Truss manufacturer,4
Pagoda,4
Geologist,4
Pizza,4
Dental,4
Jewelry exporter,4
Heritage building,4
Steel erector,4
Fortress,4
Opera company,4
Chophouse restaurant,4
Dog care,4
Coffee vending machine,4
Tower,4
Japanese steakhouse,4
Electrical appliance wholesaler,4
Heritage museum,4
Environment renewable natural resources,4
Channel,4
Coast guard station,4
Ghost town,4
Tennis court construction company,4
Crane dealer,4
Cosmetics wholesaler,4
Dance restaurant,4
Stitching class,4
Basque restaurant,4
Haberdashery,4
Tiki bar,4
Polymer supplier,4
Reef,4
Health resort,4
Airstrip,4
Bookmaker,4
Vegetation,4
McLaren dealer,4
Dyeworks,4
Neapolitan restaurant,4
Lighthouse,4
Couture store,4
Fishing lake,4
Computer desk store,4
PVC industry,4
Image consultant,4
Jewish restaurant,4
Cosmetic surgeon,4
Computer club,4
Playgroup,4
Night market,4
Wood frame supplier,4
Archaeological site,4
Playground equipment supplier,4
Solid waste engineer,4
Appliance rental service,4
Modeling school,4
City tax office,4
Crop grower,4
Childrens home,4
North Eastern Indian restaurant,4
Technology park,4
Fair trade organization,4
Geological service,4
Higher secondary school,4
Gymnasium school,4
Martial arts,4
Science academy,4
Map store,4
Chess instructor,4
Public transport,4
Water skiing service,4
Puerto Rican restaurant,4
Travellers lodge,4
Acupuncture school,4
Technology museum,4
Std clinic,4
Plastic bag supplier,4
License plate frames supplier,4
Blind school,4
Snowmobile rental service,4
Boarding school,4
Kinesiologist,4
Anime club,4
Dynamometer supplier,4
Institute of technology,4
Neonatal physician,4
Hang gliding center,4
Hot spring hotel,4
Solar hot water system supplier,4
Basketball court contractor,4
Steel drum supplier,4
Office accessories wholesaler,4
Prefabricated house companies,4
Sundae restaurant,4
Scale repair service,4
Lagoon,4
International airport,4
Earth works company,4
Liquor wholesaler,4
Skin care,4
Ferrari dealer,4
Condiments supplier,4
Meat dish restaurant,3
Modern izakaya restaurants,3
Judo club,3
Nicaraguan restaurant,3
Punjabi restaurant,3
War museum,3
Mobile network operator,3
Gasfitter,3
Ski club,3
Birth certificate service,3
Media,3
Military hospital,3
Community school,3
Toiletries store,3
Drafting equipment supplier,3
Gold mining company,3
Sake brewery,3
Architectural and engineering model maker,3
Indian Muslim restaurant,3
Ethnographic museum,3
Factory equipment supplier,3
VCR repair service,3
Kyoto style Japanese restaurant,3
Public bath,3
West African restaurant,3
Airbrushing supply store,3
Orchid farm,3
Scientific equipment supplier,3
Food seasoning manufacturer,3
Dry fruit store,3
Unity church,3
Erotic massage,3
Mountain pass,3
Propeller shop,3
Continental restaurant,3
Sicilian restaurant,3
Ballet theater,3
Seafood donburi restaurant,3
German language school,3
Dam,3
Indian sizzler restaurant,3
Council,3
Camping cabin,3
Portuguese restaurant,3
Full dress rental service,3
Velodrome,3
Kerosene supplier,3
Bus depot,3
Korean beef restaurant,3
Contemporary Louisiana restaurant,3
Fitted furniture supplier,3
Plasterer,3
Korean rib restaurant,3
Mold maker,3
Sport tour agency,3
Chinese language school,3
Customs consultant,3
Waterbed store,3
Swimming competition,3
Wedding souvenir shop,3
Recycling,3
Electronics engineer,3
Intellectual property registry,3
Tortilla shop,3
Sperm bank,3
Steamed bun shop,3
Native American restaurant,3
Stone carving,3
Deaf church,3
Driving test centre,3
Village hall,3
Skating instructor,3
Attraction,3
Exhibition and trade centre,3
Ayurvedic clinic,3
Chemistry lab,3
Army museum,3
Chinese supermarket,3
Steelwork manufacturer,3
Economic development agency,3
Plumbing,3
Textile exporter,3
Cottage village,3
Promenade,3
Aero dance class,3
Fortune telling services,3
Concrete factory,3
Emergency call booth,3
Barn,3
Windsurfing store,3
Psychoneurological specialized clinic,3
Horse transport supplier,3
State Department of Environment,3
Carpet manufacturer,3
Copper supplier,3
Security,3
Port authority,3
Chess club,3
Traffic police station,3
House clearance service,3
Water tank cleaning service,3
Farm bureau,3
Welding,3
Marine protected area,3
Laminating equipment supplier,3
Sports accessories wholesaler,3
Tax,3
Hotel supply store,3
Skate sharpening service,3
Land surveying office,3
Embossing service,3
Chemical industry,3
Rolls Royce dealer,3
Adult foster care service,3
Department of finance,3
Tunnel,3
Double glazing installer,3
Singing telegram service,3
Catholic cathedral,3
Sand plant,3
Physiotherapy equipment supplier,3
Barrister,3
Cricket ground,3
Marketing,3
Detective,3
Agricultural engineer,3
Sportwear manufacturer,3
Dance conservatory,3
Silk store,3
Building designer,3
Open university,3
Patients support association,3
Dye store,3
Federal police,3
Weddings,3
Yemenite restaurant,3
Girls' high school,3
Private equity firm,3
Childrens farm,3
Care services,3
Cannery,3
Numerologist,3
Basketball,3
Carpool,3
Military residence,3
Wine,3
Bricklayer,3
Vista,3
Lock Store,3
Polygraph service,3
Haute French restaurant,3
Newspaper distribution,3
Confectionery wholesaler,3
Po’ boys restaurant,3
Justice department,3
Finishing materials supplier,3
Immigration detention centre,3
Convenience stores organization,3
Brazilian pastelaria,3
Endoscopist,3
Surgical supply store,3
Congregation,3
Maternity hospital,3
Consumer advice center,3
English restaurant,3
Cottage rental,3
French steakhouse restaurant,3
Ice cream equipment supplier,3
Machine construction,3
Dock builder,2
Archaeological museum,2
Gas and automotive,2
Tunisian restaurant,2
Drilling equipment supplier,2
Technical university,2
Public call office booth,2
Hot bedstone spa,2
Cooling plant,2
Suburban train line,2
Fish processing,2
Quaker church,2
Gambling house,2
Sexologist,2
Drone shop,2
Real estate fair,2
Junk store,2
Traditional market,2
Clothes and fabric wholesaler,2
Shipbuilding and repair company,2
Bariatric surgeon,2
Eritrean restaurant,2
Agricultural,2
Egyptian restaurant,2
Office refurbishment service,2
Radio tower,2
Barrel supplier,2
Luggage storage facility,2
Instruction,2
Wool store,2
Staple food package,2
Footwear wholesaler,2
Statue,2
Plastic bags wholesaler,2
Lost property office,2
Disposable tableware supplier,2
Industrial area,2
Yucatan restaurant,2
Tibetan restaurant,2
Amateur theater,2
Swedish restaurant,2
Luggage wholesaler,2
Music instruction,2
Training,2
Gypsum product supplier,2
Clergyman,2
BPO company,2
Glass,2
Orthoptist,2
Archery event,2
Smart dealer,2
Oxygen cocktail spot,2
Real estate auctioneer,2
Shop supermarket furniture store,2
Hygiene station,2
Filtration plant,2
Antenna service,2
Faculty of sports,2
Georgian restaurant,2
Bugatti dealer,2
Sculptor,2
Office services,2
Microbiologist,2
Garden machinery supplier,2
Folk high school,2
Chinese medicine,2
Holding company,2
Correctional services department,2
Greengrocer,2
Cold noodle restaurant,2
Sri Lankan restaurant,2
Pantry,2
Telescope store,2
Japanese regional restaurant,2
Rice mill,2
Cement manufacturer,2
Public male bathroom,2
Hungarian restaurant,2
Holiday park,2
Video karaoke,2
Veterans,2
Rugby,2
Design institute,2
Juvenile court,2
Children Policlinic,2
Stainless steel plant,2
Fish and seafood restaurant,2
Mailing machine supplier,2
Samba school,2
Rugby field,2
Soondae restaurant,2
Log home builder,2
Clock tower,2
Equipment importer,2
Mechanical plant,2
Cane furniture store,2
Suzuki dealer,2
Indian sweets shop,2
University hospital,2
Nuevo Latino restaurant,2
Height works,2
Public female bathroom,2
Travel services,2
Yeshiva,2
Smart Car dealer,2
Lido,2
Seafood,2
Cricket club,2
Oriental medical clinic,2
Brick manufacturer,2
Regional government office,2
Pedestrian zone,2
Tea market place,2
Leagues club,2
Roadside assistance,2
Ski school,2
Furniture,2
Unemployment office,2
Foreign exchange students organization,2
Farm school,2
Haitian restaurant,2
Crime victim service,2
Fiat dealer,2
Metal machinery supplier,2
Palace,2
Beds,2
Pine furniture shop,2
School for the deaf,2
Cattle farm,2
Oyster supplier,2
Transit depot,2
Parking lot for motorcycles,2
Japanese cheap sweets shop,2
Roommate referral service,2
Boys' high school,2
Austrian restaurant,2
Electric vehicle charging station contractor,2
Port,2
Scout hall,2
Government school,2
Slaughterhouse,2
Lighting,2
Snowmobile dealer,2
Public medical center,2
Pacific Rim restaurant,2
Bicycles,2
Padel club,2
Agricultural cooperative,2
Private hospital,2
Electronics exporter,2
Ice skating instructor,2
Beach volleyball club,2
Textiles,2
Hindu priest,2
Land planning authority,2
Pediatric orthopedic surgeon,2
Train ticket office,2
Metal heat treating service,2
Rolled metal products supplier,2
Men's health physician,2
Rice cake shop,2
Eatery,2
City employment department,2
Squash club,2
Elevator manufacturer,2
South African restaurant,2
Household chemicals supplier,2
Pan-Latin restaurant,2
Tea exporter,2
Auto chemistry shop,2
Traditional teahouse,2
Convent,2
Company registry,2
Paper bag supplier,2
Municipal administration office,2
Traditional costume club,2
City department of transportation,2
Glassware manufacturer,2
Non smoking holiday home,2
Real estate surveyor,2
Spa garden,2
District Justice,2
Karate club,2
Vehicle examination office,2
Room,2
Jain temple,2
Piano,2
Beach cleaning service,2
Taxis,2
Machinery parts manufacturer,2
Conservatory construction contractor,2
Terrain,2
Livery company,2
Nuclear power plant,2
Printing,2
Architecture school,2
Open air museum,2
Social welfare center,2
Leather goods wholesaler,2
Diabetologist,2
Doll restoration service,2
Pet funeral service,2
Alternative medicine clinic,2
Stamp collectors club,2
Department for Regional Development,1
Table,1
Beverage supplier,1
Marine surveyor,1
Textile mill,1
Automotive,1
Tire,1
Military barracks,1
Meeting point,1
Eastern European restaurant,1
Steamboat restaurant,1
Public transportation system,1
Archery hall,1
Self service restaurant,1
Server room,1
Delegated driver service,1
Heritage preservation,1
Rice cracker shop,1
Pontiac dealer,1
Oldsmobile dealer,1
Moving company,1
Acrobatic diving pool,1
Bowling club,1
Wildlife and safari park,1
American football field,1
Syokudo and Teishoku restaurant,1
Court executive officer,1
Alcohol retail monopoly,1
Pilgrimage place,1
Steel framework contractor,1
Biochemistry lab,1
Water skiing club,1
Mountaineering class,1
Basket supplier,1
Thermal baths,1
Uzbeki restaurant,1
Stadium seating area,1
Windows,1
Ecuadorian restaurant,1
Volleyball instructor,1
Womens college,1
Felt boots store,1
School dentist,1
Priest,1
Saab dealer,1
Wind farm,1
Land reform institute,1
Country house,1
School house,1
Pediatric pulmonologist,1
Fugu restaurant,1
Favela,1
Medical book store,1
Desert,1
Ceiling supplier,1
Bungee jumping center,1
Foam rubber producer,1
Blues club,1
Industrial engineer,1
Outdoor bath,1
Homes,1
Clothing manufacturer,1
Japanized western restaurant,1
Lingerie manufacturer,1
Geriatrician,1
Floating market,1
Badminton complex,1
Military archive,1
Squash court,1
Faculty of psychology,1
National health foundation,1
Match box manufacturer,1
Co-ed school,1
Takoyaki restaurant,1
Comic cafe,1
Recreational vehicle,1
Public housing,1
Porridge restaurant,1
Conservative club,1
Japanese sweets restaurant,1
Pet food and animal feeds,1
Asian,1
Festival hall,1
CNG fittment center,1
Fire fighters academy,1
Goan restaurant,1
Evening dress rental service,1
Low emission zone,1
Catalonian restaurant,1
Freestyle wrestling,1
Tank,1
Pet care service,1
Costa Rican restaurant,1
Alumni association,1
Strait,1
Sauna club,1
Home hairdresser,1
Motorcycle club,1
Building equipment hire service,1
Doula,1
Knife manufacturing,1
Orphanage,1
Stringed instrument maker,1
Model car play area,1
Architects association,1
Government college,1
High court,1
Fur coat shop,1
Fur manufacturer,1
Fishing,1
Mausoleum builder,1
Polo club,1
Museum of zoology,1
Wellness,1
Futsal court,1
Pony club,1
Water polo pool,1
Sundanese restaurant,1
Ship building,1
Parsi temple,1
Home and construction,1
Refugee camp,1
National museum,1
Canadian restaurant,1
Bazar,1
Perfume exporter,1
Smoking area,1
Smoking room,1
Laundry room,1
Ice skating club,1
Croatian restaurant,1
Party,1
Stand bar,1
Pipe manufacturer,1
Farming,1
Places of interest,1
Aeromodel shop,1
Flamenco dance store,1
Music college,1
Kilt shop and hire,1
Curling club,1
Research engineer,1
Metal services,1
College of agriculture,1
Shared-use commercial kitchen,1
Aikido club,1
Tempura donburi restaurant,1
Cattle market,1
Pacific Northwest restaurant (US),1
Thai massage,1
Public webcam,1
Computers,1
Electrical,1
IMAX theater,1
Game software,1
Armed forces association,1
Truck farmer,1
Traditional Kostume store,1
Rowing area,1
Horsestable studfarm,1
Handicraft museum,1
Gas,1
Housing utility company,1
Electronics industry,1
Family planning counselor,1
Stationery wholesaler,1
Institute,1
Geyser,1
Hawker stall,1
X-ray equipment supplier,1
Seminar room,1
Modern British restaurant,1
Rock music club,1
Sports coaching,1
Seaplane base,1
Philharmonic hall,1
Land mass,1
Municipal health department,1
Legally defined lodging,1
Mercantile development,1
Ventilating equipment manufacturer,1
Aeronautical engineer,1
Payphone,1
Furniture piece,1
Department of housing,1
Feng shui shop,1
Seafood farm,1
Video equipment and services,1
Digital media,1
Data entry service,1
Hygiene articles wholesaler,1
Western restaurant,1
Lingerie wholesaler,1
Shandong restaurant,1
Grassy area,1
Government hospital,1
Historical market square,1
District council,1
Building society,1
Pre gymnasium school,1
Organ donation and tissue bank,1
Multimedia and electronic book publisher,1
Port operating company,1
Well,1
Professional association,1
Electronics device,1
Insolvency service,1
Tatami store,1
Mfr,1
Circular distribution service,1
Justice of the peace,1
Plast window store,1
Economic consultant,1
Federal reserve bank,1
Precision engineer,1
Textile engineer,1
Natural stone exporter,1
Line marking service,1
Genealogist,1
Mobile disco,1
Rice shop,1
Milk delivery service,1
Pool academy,1
Tenant's union,1
Tenant ownership,1
Conservatory of music,1
Foreign trade consultant,1
Inlet,1
Printer ink refill store,1
Judicial auction,1
State Department Agricultural Development,1
Markmens clubhouse,1
Residential college,1
Sanitary inspection,1
Manor house,1
Walkway,1
School lunch center,1
Coalfield,1
Tea and coffee merchant,1
Glassware wholesaler,1
Shawarma restaurant,1
Houseboat rental service,1
Chinese language instructor,1
Property administrator,1
Machinery,1
Decoration,1
Crater,1
Management school,1
City pillar shrine,1
Customs department,1
Municipal Department Social Defense,1
Print services,1
Vegetable wholesale market,1
Housing,1
Dried seafood store,1
Pharmaceutical products wholesaler,1
Sfiha restaurant,1
Patent office,1
Chess and card club,1
Prawn fishing,1
Abbey,1
Insurance school,1
Fireworks supplier,1
Threads and yarns wholesaler,1
Syrian restaurant,1
Road safety town,1
Novelties wholesaler,1
Municipal Department Finance,1
Airport security checkpoint,1
Cabaret club,1
Danish restaurant,1
South Indian restaurant,1
Land allotment,1
Stationery manufacturer,1
Fashion design school,1
Butane gas supplier,1
Cooperative,1
Mountain cable car,1
Staffing agency,1
Plastic resin manufacturer,1
Higher education,1
User-operated machine,1
Heating,1
Sugar factory,1
Aluminum frames supplier,1
Biotechnology engineer,1
Hypermarket,1
Taekwondo competition area,1
Toys,1
Baggage claim,1
Cliff,1
Memorial,1
Rescue squad,1
Rugby club,1
Creche,1
Fencing salon,1
Mining consultant,1
Personal repair service,1
Goldfish store,1
Waldorf school,1
Nudist park,1
Nudist club,1
Food products,1
Parking Souterrain,1
Learner driver training area,1
Public amenity house,1
Flowers,1
Nursery,1
Gazebo,1
Czech restaurant,1
Pediatric clinic,1
Reenactment site,1
Piano maker,1
Public sauna,1
Womens protection service,1
Roller skating club,1
State archive,1
Vegetable wholesaler,1
Dominican restaurant,1
Hepatologist,1
Abundant Life church,1
United States Armed Forces Base,1
Pozole restaurant,1
Instrumentation engineer,1
Medical transcription service,1
Historic city center,1
Cosmetics,1
Gasket manufacturer,1
Chilean restaurant,1
Furrier,1
Flamenco,1
Wellness hotel,1
Calligraphy lesson,1
Video,1
Dietitian,1
Railroad ties supplier,1
Leather exporter,1
Yakisoba Restaurant,1
Waldorf kindergarten,1
Children hall,1
Typewriter supplier,1
Buses,1
Faculty of science,1
Shopfitter,1
Horseshoe smith,1
Cat trainer,1
Aromatherapy class,1
Parochial school,1
Animal watering hole,1
Disabled sports center,1
Auto part and accessory manufacturer,1
Traffic officer,1
Legal affairs bureau,1
Love hotel,1
Steelwork design company,1
Residential area,1
